Customer,Age,Credit amount,Duration,Key,Tarjeta de Credito Oro,Tarjeta de Credito Plata,Tarjeta de Credito Bronce,Cuenta corriente,Cuenta de ahorro,Tarjeta de Debito,Prestamo hipotecario,Prestamo automotriz,Prestamo personal,Transferencias,Cambio de moneda,Cheques
0,67,1169,6,,,,,,,,,,,,,
1,22,5951,48,,,,,,,,,,,,,
2,49,2096,12,,,,,,,,,,,,,
3,45,7882,42,,,,,,,,,,,,,
4,53,4870,24,,,,,,,,,,,,,
5,35,9055,36,,,,,,,,,,,,,
6,53,2835,24,,,,,,,,,,,,,
7,35,6948,36,,,,,,,,,,,,,
8,61,3059,12,,,,,,,,,,,,,
9,28,5234,30,,,,,,,,,,,,,
10,25,1295,12,,,,,,,,,,,,,
11,24,4308,48,,,,,,,,,,,,,
12,22,1567,12,,,,,,,,,,,,,
13,60,1199,24,,,,,,,,,,,,,
14,28,1403,15,,,,,,,,,,,,,
15,32,1282,24,,,,,,,,,,,,,
16,53,2424,24,,,,,,,,,,,,,
17,25,8072,30,,,,,,,,,,,,,
18,44,12579,24,,,,,,,,,,,,,
19,31,3430,24,,,,,,,,,,,,,
20,48,2134,9,,,,,,,,,,,,,
21,44,2647,6,,,,,,,,,,,,,
22,48,2241,10,,,,,,,,,,,,,
23,44,1804,12,,,,,,,,,,,,,
24,26,2069,10,,,,,,,,,,,,,
25,36,1374,6,,,,,,,,,,,,,
26,39,426,6,,,,,,,,,,,,,
27,42,409,12,,,,,,,,,,,,,
28,34,2415,7,,,,,,,,,,,,,
29,63,6836,60,,,,,,,,,,,,,
30,36,1913,18,,,,,,,,,,,,,
31,27,4020,24,,,,,,,,,,,,,
32,30,5866,18,,,,,,,,,,,,,
33,57,1264,12,,,,,,,,,,,,,
34,33,1474,12,,,,,,,,,,,,,
35,25,4746,45,,,,,,,,,,,,,
36,31,6110,48,,,,,,,,,,,,,
37,37,2100,18,,,,,,,,,,,,,
38,37,1225,10,,,,,,,,,,,,,
39,24,458,9,,,,,,,,,,,,,
40,30,2333,30,,,,,,,,,,,,,
41,26,1158,12,,,,,,,,,,,,,
42,44,6204,18,,,,,,,,,,,,,
43,24,6187,30,,,,,,,,,,,,,
44,58,6143,48,,,,,,,,,,,,,
45,35,1393,11,,,,,,,,,,,,,
46,39,2299,36,,,,,,,,,,,,,
47,23,1352,6,,,,,,,,,,,,,
48,39,7228,11,,,,,,,,,,,,,
49,28,2073,12,,,,,,,,,,,,,
50,29,2333,24,,,,,,,,,,,,,
51,30,5965,27,,,,,,,,,,,,,
52,25,1262,12,,,,,,,,,,,,,
53,31,3378,18,,,,,,,,,,,,,
54,57,2225,36,,,,,,,,,,,,,
55,26,783,6,,,,,,,,,,,,,
56,52,6468,12,,,,,,,,,,,,,
57,31,9566,36,,,,,,,,,,,,,
58,23,1961,18,,,,,,,,,,,,,
59,23,6229,36,,,,,,,,,,,,,
60,27,1391,9,,,,,,,,,,,,,
61,50,1537,15,,,,,,,,,,,,,
62,61,1953,36,,,,,,,,,,,,,
63,25,14421,48,,,,,,,,,,,,,
64,26,3181,24,,,,,,,,,,,,,
65,48,5190,27,,,,,,,,,,,,,
66,29,2171,12,,,,,,,,,,,,,
67,22,1007,12,,,,,,,,,,,,,
68,37,1819,36,,,,,,,,,,,,,
69,25,2394,36,,,,,,,,,,,,,
70,30,8133,36,,,,,,,,,,,,,
71,46,730,7,,,,,,,,,,,,,
72,51,1164,8,,,,,,,,,,,,,
73,41,5954,42,,,,,,,,,,,,,
74,40,1977,36,,,,,,,,,,,,,
75,66,1526,12,,,,,,,,,,,,,
76,34,3965,42,,,,,,,,,,,,,
77,51,4771,11,,,,,,,,,,,,,
78,39,9436,54,,,,,,,,,,,,,
79,22,3832,30,,,,,,,,,,,,,
80,44,5943,24,,,,,,,,,,,,,
81,47,1213,15,,,,,,,,,,,,,
82,24,1568,18,,,,,,,,,,,,,
83,58,1755,24,,,,,,,,,,,,,
84,52,2315,10,,,,,,,,,,,,,
85,29,1412,12,,,,,,,,,,,,,
86,27,1295,18,,,,,,,,,,,,,
87,47,12612,36,,,,,,,,,,,,,
88,30,2249,18,,,,,,,,,,,,,
89,28,1108,12,,,,,,,,,,,,,
90,56,618,12,,,,,,,,,,,,,
91,54,1409,12,,,,,,,,,,,,,
92,33,797,12,,,,,,,,,,,,,
93,20,3617,24,,,,,,,,,,,,,
94,54,1318,12,,,,,,,,,,,,,
95,58,15945,54,,,,,,,,,,,,,
96,61,2012,12,,,,,,,,,,,,,
97,34,2622,18,,,,,,,,,,,,,
98,36,2337,36,,,,,,,,,,,,,
99,36,7057,20,,,,,,,,,,,,,
100,41,1469,24,,,,,,,,,,,,,
101,24,2323,36,,,,,,,,,,,,,
102,24,932,6,,,,,,,,,,,,,
103,35,1919,9,,,,,,,,,,,,,
104,26,2445,12,,,,,,,,,,,,,
105,39,11938,24,,,,,,,,,,,,,
106,39,6458,18,,,,,,,,,,,,,
107,32,6078,12,,,,,,,,,,,,,
108,30,7721,24,,,,,,,,,,,,,
109,35,1410,14,,,,,,,,,,,,,
110,31,1449,6,,,,,,,,,,,,,
111,23,392,15,,,,,,,,,,,,,
112,28,6260,18,,,,,,,,,,,,,
113,25,7855,36,,,,,,,,,,,,,
114,35,1680,12,,,,,,,,,,,,,
115,47,3578,48,,,,,,,,,,,,,
116,30,7174,42,,,,,,,,,,,,,
117,27,2132,10,,,,,,,,,,,,,
118,23,4281,33,,,,,,,,,,,,,
119,36,2366,12,,,,,,,,,,,,,
120,25,1835,21,,,,,,,,,,,,,
121,41,3868,24,,,,,,,,,,,,,
122,24,1768,12,,,,,,,,,,,,,
123,63,781,10,,,,,,,,,,,,,
124,27,1924,18,,,,,,,,,,,,,
125,30,2121,12,,,,,,,,,,,,,
126,40,701,12,,,,,,,,,,,,,
127,30,639,12,,,,,,,,,,,,,
128,34,1860,12,,,,,,,,,,,,,
129,29,3499,12,,,,,,,,,,,,,
130,24,8487,48,,,,,,,,,,,,,
131,29,6887,36,,,,,,,,,,,,,
132,27,2708,15,,,,,,,,,,,,,
133,47,1984,18,,,,,,,,,,,,,
134,21,10144,60,,,,,,,,,,,,,
135,38,1240,12,,,,,,,,,,,,,
136,27,8613,27,,,,,,,,,,,,,
137,66,766,12,,,,,,,,,,,,,
138,35,2728,15,,,,,,,,,,,,,
139,44,1881,12,,,,,,,,,,,,,
140,27,709,6,,,,,,,,,,,,,
141,30,4795,36,,,,,,,,,,,,,
142,27,3416,27,,,,,,,,,,,,,
143,22,2462,18,,,,,,,,,,,,,
144,23,2288,21,,,,,,,,,,,,,
145,30,3566,48,,,,,,,,,,,,,
146,39,860,6,,,,,,,,,,,,,
147,51,682,12,,,,,,,,,,,,,
148,28,5371,36,,,,,,,,,,,,,
149,46,1582,18,,,,,,,,,,,,,
150,42,1346,6,,,,,,,,,,,,,
151,38,1924,10,,,,,,,,,,,,,
152,24,5848,36,,,,,,,,,,,,,
153,29,7758,24,,,,,,,,,,,,,
154,36,6967,24,,,,,,,,,,,,,
155,20,1282,12,,,,,,,,,,,,,
156,48,1288,9,,,,,,,,,,,,,
157,45,339,12,,,,,,,,,,,,,
158,38,3512,24,,,,,,,,,,,,,
159,34,1898,6,,,,,,,,,,,,,
160,36,2872,24,,,,,,,,,,,,,
161,30,1055,18,,,,,,,,,,,,,
162,36,1262,15,,,,,,,,,,,,,
163,70,7308,10,,,,,,,,,,,,,
164,36,909,36,,,,,,,,,,,,,
165,32,2978,6,,,,,,,,,,,,,
166,33,1131,18,,,,,,,,,,,,,
167,20,1577,11,,,,,,,,,,,,,
168,25,3972,24,,,,,,,,,,,,,
169,31,1935,24,,,,,,,,,,,,,
170,33,950,15,,,,,,,,,,,,,
171,26,763,12,,,,,,,,,,,,,
172,34,2064,24,,,,,,,,,,,,,
173,33,1414,8,,,,,,,,,,,,,
174,26,3414,21,,,,,,,,,,,,,
175,53,7485,30,,,,,,,,,,,,,
176,42,2577,12,,,,,,,,,,,,,
177,52,338,6,,,,,,,,,,,,,
178,31,1963,12,,,,,,,,,,,,,
179,65,571,21,,,,,,,,,,,,,
180,28,9572,36,,,,,,,,,,,,,
181,30,4455,36,,,,,,,,,,,,,
182,40,1647,21,,,,,,,,,,,,,
183,50,3777,24,,,,,,,,,,,,,
184,36,884,18,,,,,,,,,,,,,
185,31,1360,15,,,,,,,,,,,,,
186,74,5129,9,,,,,,,,,,,,,
187,68,1175,16,,,,,,,,,,,,,
188,20,674,12,,,,,,,,,,,,,
189,33,3244,18,,,,,,,,,,,,,
190,54,4591,24,,,,,,,,,,,,,
191,34,3844,48,,,,,,,,,,,,,
192,36,3915,27,,,,,,,,,,,,,
193,29,2108,6,,,,,,,,,,,,,
194,21,3031,45,,,,,,,,,,,,,
195,34,1501,9,,,,,,,,,,,,,
196,28,1382,6,,,,,,,,,,,,,
197,27,951,12,,,,,,,,,,,,,
198,36,2760,24,,,,,,,,,,,,,
199,40,4297,18,,,,,,,,,,,,,
200,52,936,9,,,,,,,,,,,,,
201,27,1168,12,,,,,,,,,,,,,
202,26,5117,27,,,,,,,,,,,,,
203,21,902,12,,,,,,,,,,,,,
204,38,1495,12,,,,,,,,,,,,,
205,38,10623,30,,,,,,,,,,,,,
206,43,1935,12,,,,,,,,,,,,,
207,26,1424,12,,,,,,,,,,,,,
208,21,6568,24,,,,,,,,,,,,,
209,55,1413,12,,,,,,,,,,,,,
210,33,3074,9,,,,,,,,,,,,,
211,45,3835,36,,,,,,,,,,,,,
212,50,5293,27,,,,,,,,,,,,,
213,66,1908,30,,,,,,,,,,,,,
214,51,3342,36,,,,,,,,,,,,,
215,39,932,6,,,,,,,,,,,,,
216,31,3104,18,,,,,,,,,,,,,
217,23,3913,36,,,,,,,,,,,,,
218,24,3021,24,,,,,,,,,,,,,
219,64,1364,10,,,,,,,,,,,,,
220,26,625,12,,,,,,,,,,,,,
221,23,1200,12,,,,,,,,,,,,,
222,30,707,12,,,,,,,,,,,,,
223,32,2978,24,,,,,,,,,,,,,
224,30,4657,15,,,,,,,,,,,,,
225,27,2613,36,,,,,,,,,,,,,
226,27,10961,48,,,,,,,,,,,,,
227,53,7865,12,,,,,,,,,,,,,
228,22,1478,9,,,,,,,,,,,,,
229,22,3149,24,,,,,,,,,,,,,
230,26,4210,36,,,,,,,,,,,,,
231,51,2507,9,,,,,,,,,,,,,
232,35,2141,12,,,,,,,,,,,,,
233,25,866,18,,,,,,,,,,,,,
234,42,1544,4,,,,,,,,,,,,,
235,30,1823,24,,,,,,,,,,,,,
236,23,14555,6,,,,,,,,,,,,,
237,61,2767,21,,,,,,,,,,,,,
238,35,1291,12,,,,,,,,,,,,,
239,39,2522,30,,,,,,,,,,,,,
240,29,915,24,,,,,,,,,,,,,
241,51,1595,6,,,,,,,,,,,,,
242,24,4605,48,,,,,,,,,,,,,
243,27,1185,12,,,,,,,,,,,,,
244,35,3447,12,,,,,,,,,,,,,
245,25,1258,24,,,,,,,,,,,,,
246,52,717,12,,,,,,,,,,,,,
247,35,1204,6,,,,,,,,,,,,,
248,26,1925,24,,,,,,,,,,,,,
249,22,433,18,,,,,,,,,,,,,
250,39,666,6,,,,,,,,,,,,,
251,46,2251,12,,,,,,,,,,,,,
252,24,2150,30,,,,,,,,,,,,,
253,35,4151,24,,,,,,,,,,,,,
254,24,2030,9,,,,,,,,,,,,,
255,27,7418,60,,,,,,,,,,,,,
256,35,2684,24,,,,,,,,,,,,,
257,29,2149,12,,,,,,,,,,,,,
258,23,3812,15,,,,,,,,,,,,,
259,57,1154,11,,,,,,,,,,,,,
260,27,1657,12,,,,,,,,,,,,,
261,55,1603,24,,,,,,,,,,,,,
262,36,5302,18,,,,,,,,,,,,,
263,57,2748,12,,,,,,,,,,,,,
264,32,1231,10,,,,,,,,,,,,,
265,37,802,15,,,,,,,,,,,,,
266,36,6304,36,,,,,,,,,,,,,
267,38,1533,24,,,,,,,,,,,,,
268,45,8978,14,,,,,,,,,,,,,
269,25,999,24,,,,,,,,,,,,,
270,32,2662,18,,,,,,,,,,,,,
271,37,1402,12,,,,,,,,,,,,,
272,36,12169,48,,,,,,,,,,,,,
273,28,3060,48,,,,,,,,,,,,,
274,34,11998,30,,,,,,,,,,,,,
275,32,2697,9,,,,,,,,,,,,,
276,26,2404,18,,,,,,,,,,,,,
277,49,1262,12,,,,,,,,,,,,,
278,32,4611,6,,,,,,,,,,,,,
279,29,1901,24,,,,,,,,,,,,,
280,23,3368,15,,,,,,,,,,,,,
281,50,1574,12,,,,,,,,,,,,,
282,49,1445,18,,,,,,,,,,,,,
283,63,1520,15,,,,,,,,,,,,,
284,37,3878,24,,,,,,,,,,,,,
285,35,10722,47,,,,,,,,,,,,,
286,26,4788,48,,,,,,,,,,,,,
287,31,7582,48,,,,,,,,,,,,,
288,49,1092,12,,,,,,,,,,,,,
289,48,1024,24,,,,,,,,,,,,,
290,26,1076,12,,,,,,,,,,,,,
291,28,9398,36,,,,,,,,,,,,,
292,44,6419,24,,,,,,,,,,,,,
293,56,4796,42,,,,,,,,,,,,,
294,46,7629,48,,,,,,,,,,,,,
295,26,9960,48,,,,,,,,,,,,,
296,20,4675,12,,,,,,,,,,,,,
297,45,1287,10,,,,,,,,,,,,,
298,43,2515,18,,,,,,,,,,,,,
299,32,2745,21,,,,,,,,,,,,,
300,54,672,6,,,,,,,,,,,,,
301,42,3804,36,,,,,,,,,,,,,
302,37,1344,24,,,,,,,,,,,,,
303,49,1038,10,,,,,,,,,,,,,
304,44,10127,48,,,,,,,,,,,,,
305,33,1543,6,,,,,,,,,,,,,
306,24,4811,30,,,,,,,,,,,,,
307,33,727,12,,,,,,,,,,,,,
308,24,1237,8,,,,,,,,,,,,,
309,22,276,9,,,,,,,,,,,,,
310,40,5381,48,,,,,,,,,,,,,
311,25,5511,24,,,,,,,,,,,,,
312,26,3749,24,,,,,,,,,,,,,
313,25,685,12,,,,,,,,,,,,,
314,29,1494,4,,,,,,,,,,,,,
315,31,2746,36,,,,,,,,,,,,,
316,38,708,12,,,,,,,,,,,,,
317,48,4351,24,,,,,,,,,,,,,
318,32,701,12,,,,,,,,,,,,,
319,27,3643,15,,,,,,,,,,,,,
320,28,4249,30,,,,,,,,,,,,,
321,32,1938,24,,,,,,,,,,,,,
322,34,2910,24,,,,,,,,,,,,,
323,28,2659,18,,,,,,,,,,,,,
324,36,1028,18,,,,,,,,,,,,,
325,39,3398,8,,,,,,,,,,,,,
326,49,5801,12,,,,,,,,,,,,,
327,34,1525,24,,,,,,,,,,,,,
328,31,4473,36,,,,,,,,,,,,,
329,28,1068,6,,,,,,,,,,,,,
330,75,6615,24,,,,,,,,,,,,,
331,30,1864,18,,,,,,,,,,,,,
332,24,7408,60,,,,,,,,,,,,,
333,24,11590,48,,,,,,,,,,,,,
334,23,4110,24,,,,,,,,,,,,,
335,44,3384,6,,,,,,,,,,,,,
336,23,2101,13,,,,,,,,,,,,,
337,24,1275,15,,,,,,,,,,,,,
338,28,4169,24,,,,,,,,,,,,,
339,31,1521,10,,,,,,,,,,,,,
340,24,5743,24,,,,,,,,,,,,,
341,26,3599,21,,,,,,,,,,,,,
342,25,3213,18,,,,,,,,,,,,,
343,33,4439,18,,,,,,,,,,,,,
344,37,3949,10,,,,,,,,,,,,,
345,43,1459,15,,,,,,,,,,,,,
346,23,882,13,,,,,,,,,,,,,
347,23,3758,24,,,,,,,,,,,,,
348,34,1743,6,,,,,,,,,,,,,
349,32,1136,9,,,,,,,,,,,,,
350,23,1236,9,,,,,,,,,,,,,
351,29,959,9,,,,,,,,,,,,,
352,38,3229,18,,,,,,,,,,,,,
353,28,6199,12,,,,,,,,,,,,,
354,46,727,10,,,,,,,,,,,,,
355,23,1246,24,,,,,,,,,,,,,
356,49,2331,12,,,,,,,,,,,,,
357,26,4463,36,,,,,,,,,,,,,
358,28,776,12,,,,,,,,,,,,,
359,23,2406,30,,,,,,,,,,,,,
360,61,1239,18,,,,,,,,,,,,,
361,37,3399,12,,,,,,,,,,,,,
362,36,2247,12,,,,,,,,,,,,,
363,21,1766,6,,,,,,,,,,,,,
364,25,2473,18,,,,,,,,,,,,,
365,36,1542,12,,,,,,,,,,,,,
366,27,3850,18,,,,,,,,,,,,,
367,22,3650,18,,,,,,,,,,,,,
368,42,3446,36,,,,,,,,,,,,,
369,40,3001,18,,,,,,,,,,,,,
370,36,3079,36,,,,,,,,,,,,,
371,33,6070,18,,,,,,,,,,,,,
372,23,2146,10,,,,,,,,,,,,,
373,63,13756,60,,,,,,,,,,,,,
374,60,14782,60,,,,,,,,,,,,,
375,37,7685,48,,,,,,,,,,,,,
376,34,2320,18,,,,,,,,,,,,,
377,36,846,7,,,,,,,,,,,,,
378,57,14318,36,,,,,,,,,,,,,
379,52,362,6,,,,,,,,,,,,,
380,39,2212,20,,,,,,,,,,,,,
381,38,12976,18,,,,,,,,,,,,,
382,25,1283,22,,,,,,,,,,,,,
383,26,1330,12,,,,,,,,,,,,,
384,26,4272,30,,,,,,,,,,,,,
385,25,2238,18,,,,,,,,,,,,,
386,21,1126,18,,,,,,,,,,,,,
387,40,7374,18,,,,,,,,,,,,,
388,27,2326,15,,,,,,,,,,,,,
389,27,1449,9,,,,,,,,,,,,,
390,30,1820,18,,,,,,,,,,,,,
391,19,983,12,,,,,,,,,,,,,
392,39,3249,36,,,,,,,,,,,,,
393,31,1957,6,,,,,,,,,,,,,
394,31,2406,9,,,,,,,,,,,,,
395,32,11760,39,,,,,,,,,,,,,
396,55,2578,12,,,,,,,,,,,,,
397,46,2348,36,,,,,,,,,,,,,
398,46,1223,12,,,,,,,,,,,,,
399,43,1516,24,,,,,,,,,,,,,
400,39,1473,18,,,,,,,,,,,,,
401,28,1887,18,,,,,,,,,,,,,
402,27,8648,24,,,,,,,,,,,,,
403,27,802,14,,,,,,,,,,,,,
404,43,2899,18,,,,,,,,,,,,,
405,22,2039,24,,,,,,,,,,,,,
406,43,2197,24,,,,,,,,,,,,,
407,27,1053,15,,,,,,,,,,,,,
408,26,3235,24,,,,,,,,,,,,,
409,28,939,12,,,,,,,,,,,,,
410,20,1967,24,,,,,,,,,,,,,
411,35,7253,33,,,,,,,,,,,,,
412,42,2292,12,,,,,,,,,,,,,
413,40,1597,10,,,,,,,,,,,,,
414,35,1381,24,,,,,,,,,,,,,
415,35,5842,36,,,,,,,,,,,,,
416,33,2579,12,,,,,,,,,,,,,
417,23,8471,18,,,,,,,,,,,,,
418,31,2782,21,,,,,,,,,,,,,
419,33,1042,18,,,,,,,,,,,,,
420,20,3186,15,,,,,,,,,,,,,
421,30,2028,12,,,,,,,,,,,,,
422,47,958,12,,,,,,,,,,,,,
423,34,1591,21,,,,,,,,,,,,,
424,25,2762,12,,,,,,,,,,,,,
425,21,2779,18,,,,,,,,,,,,,
426,29,2743,28,,,,,,,,,,,,,
427,46,1149,18,,,,,,,,,,,,,
428,20,1313,9,,,,,,,,,,,,,
429,55,1190,18,,,,,,,,,,,,,
430,74,3448,5,,,,,,,,,,,,,
431,29,11328,24,,,,,,,,,,,,,
432,36,1872,6,,,,,,,,,,,,,
433,33,2058,24,,,,,,,,,,,,,
434,25,2136,9,,,,,,,,,,,,,
435,25,1484,12,,,,,,,,,,,,,
436,23,660,6,,,,,,,,,,,,,
437,37,1287,24,,,,,,,,,,,,,
438,65,3394,42,,,,,,,,,,,,,
439,26,609,12,,,,,,,,,,,,,
440,39,1884,12,,,,,,,,,,,,,
441,30,1620,12,,,,,,,,,,,,,
442,29,2629,20,,,,,,,,,,,,,
443,41,719,12,,,,,,,,,,,,,
444,30,5096,48,,,,,,,,,,,,,
445,41,1244,9,,,,,,,,,,,,,
446,34,1842,36,,,,,,,,,,,,,
447,35,2576,7,,,,,,,,,,,,,
448,55,1424,12,,,,,,,,,,,,,
449,61,1512,15,,,,,,,,,,,,,
450,30,11054,36,,,,,,,,,,,,,
451,29,518,6,,,,,,,,,,,,,
452,34,2759,12,,,,,,,,,,,,,
453,35,2670,24,,,,,,,,,,,,,
454,31,4817,24,,,,,,,,,,,,,
455,29,2679,24,,,,,,,,,,,,,
456,36,3905,11,,,,,,,,,,,,,
457,35,3386,12,,,,,,,,,,,,,
458,27,343,6,,,,,,,,,,,,,
459,32,4594,18,,,,,,,,,,,,,
460,37,3620,36,,,,,,,,,,,,,
461,36,1721,15,,,,,,,,,,,,,
462,34,3017,12,,,,,,,,,,,,,
463,38,754,12,,,,,,,,,,,,,
464,34,1950,18,,,,,,,,,,,,,
465,63,2924,24,,,,,,,,,,,,,
466,29,1659,24,,,,,,,,,,,,,
467,32,7238,48,,,,,,,,,,,,,
468,26,2764,33,,,,,,,,,,,,,
469,35,4679,24,,,,,,,,,,,,,
470,22,3092,24,,,,,,,,,,,,,
471,23,448,6,,,,,,,,,,,,,
472,28,654,9,,,,,,,,,,,,,
473,36,1238,6,,,,,,,,,,,,,
474,33,1245,18,,,,,,,,,,,,,
475,26,3114,18,,,,,,,,,,,,,
476,24,2569,39,,,,,,,,,,,,,
477,25,5152,24,,,,,,,,,,,,,
478,39,1037,12,,,,,,,,,,,,,
479,44,1478,15,,,,,,,,,,,,,
480,23,3573,12,,,,,,,,,,,,,
481,26,1201,24,,,,,,,,,,,,,
482,57,3622,30,,,,,,,,,,,,,
483,30,960,15,,,,,,,,,,,,,
484,44,1163,12,,,,,,,,,,,,,
485,47,1209,6,,,,,,,,,,,,,
486,52,3077,12,,,,,,,,,,,,,
487,62,3757,24,,,,,,,,,,,,,
488,35,1418,10,,,,,,,,,,,,,
489,26,3518,6,,,,,,,,,,,,,
490,26,1934,12,,,,,,,,,,,,,
491,42,8318,27,,,,,,,,,,,,,
492,27,1237,6,,,,,,,,,,,,,
493,38,368,6,,,,,,,,,,,,,
494,39,2122,12,,,,,,,,,,,,,
495,20,2996,24,,,,,,,,,,,,,
496,29,9034,36,,,,,,,,,,,,,
497,40,1585,24,,,,,,,,,,,,,
498,32,1301,18,,,,,,,,,,,,,
499,28,1323,6,,,,,,,,,,,,,
500,27,3123,24,,,,,,,,,,,,,
501,42,5493,36,,,,,,,,,,,,,
502,49,1126,9,,,,,,,,,,,,,
503,38,1216,24,,,,,,,,,,,,,
504,24,1207,24,,,,,,,,,,,,,
505,27,1309,10,,,,,,,,,,,,,
506,36,2360,15,,,,,,,,,,,,,
507,34,6850,15,,,,,,,,,,,,,
508,28,1413,24,,,,,,,,,,,,,
509,45,8588,39,,,,,,,,,,,,,
510,26,759,12,,,,,,,,,,,,,
511,32,4686,36,,,,,,,,,,,,,
512,26,2687,15,,,,,,,,,,,,,
513,20,585,12,,,,,,,,,,,,,
514,54,2255,24,,,,,,,,,,,,,
515,37,609,6,,,,,,,,,,,,,
516,40,1361,6,,,,,,,,,,,,,
517,23,7127,36,,,,,,,,,,,,,
518,43,1203,6,,,,,,,,,,,,,
519,36,700,6,,,,,,,,,,,,,
520,44,5507,24,,,,,,,,,,,,,
521,24,3190,18,,,,,,,,,,,,,
522,53,7119,48,,,,,,,,,,,,,
523,23,3488,24,,,,,,,,,,,,,
524,26,1113,18,,,,,,,,,,,,,
525,30,7966,26,,,,,,,,,,,,,
526,31,1532,15,,,,,,,,,,,,,
527,42,1503,4,,,,,,,,,,,,,
528,31,2302,36,,,,,,,,,,,,,
529,41,662,6,,,,,,,,,,,,,
530,32,2273,36,,,,,,,,,,,,,
531,28,2631,15,,,,,,,,,,,,,
532,41,1503,12,,,,,,,,,,,,,
533,26,1311,24,,,,,,,,,,,,,
534,25,3105,24,,,,,,,,,,,,,
535,33,2319,21,,,,,,,,,,,,,
536,75,1374,6,,,,,,,,,,,,,
537,37,3612,18,,,,,,,,,,,,,
538,42,7763,48,,,,,,,,,,,,,
539,45,3049,18,,,,,,,,,,,,,
540,23,1534,12,,,,,,,,,,,,,
541,60,2032,24,,,,,,,,,,,,,
542,31,6350,30,,,,,,,,,,,,,
543,34,2864,18,,,,,,,,,,,,,
544,61,1255,12,,,,,,,,,,,,,
545,43,1333,24,,,,,,,,,,,,,
546,37,2022,24,,,,,,,,,,,,,
547,32,1552,24,,,,,,,,,,,,,
548,24,626,12,,,,,,,,,,,,,
549,35,8858,48,,,,,,,,,,,,,
550,23,996,12,,,,,,,,,,,,,
551,45,1750,6,,,,,,,,,,,,,
552,34,6999,48,,,,,,,,,,,,,
553,27,1995,12,,,,,,,,,,,,,
554,67,1199,9,,,,,,,,,,,,,
555,22,1331,12,,,,,,,,,,,,,
556,28,2278,18,,,,,,,,,,,,,
557,29,5003,21,,,,,,,,,,,,,
558,27,3552,24,,,,,,,,,,,,,
559,31,1928,18,,,,,,,,,,,,,
560,49,2964,24,,,,,,,,,,,,,
561,24,1546,24,,,,,,,,,,,,,
562,29,683,6,,,,,,,,,,,,,
563,37,12389,36,,,,,,,,,,,,,
564,37,4712,24,,,,,,,,,,,,,
565,23,1553,24,,,,,,,,,,,,,
566,36,1372,12,,,,,,,,,,,,,
567,34,2578,24,,,,,,,,,,,,,
568,41,3979,48,,,,,,,,,,,,,
569,31,6758,48,,,,,,,,,,,,,
570,23,3234,24,,,,,,,,,,,,,
571,38,5954,30,,,,,,,,,,,,,
572,26,5433,24,,,,,,,,,,,,,
573,22,806,15,,,,,,,,,,,,,
574,27,1082,9,,,,,,,,,,,,,
575,24,2788,15,,,,,,,,,,,,,
576,27,2930,12,,,,,,,,,,,,,
577,33,1927,24,,,,,,,,,,,,,
578,27,2820,36,,,,,,,,,,,,,
579,27,937,24,,,,,,,,,,,,,
580,30,1056,18,,,,,,,,,,,,,
581,49,3124,12,,,,,,,,,,,,,
582,26,1388,9,,,,,,,,,,,,,
583,33,2384,36,,,,,,,,,,,,,
584,52,2133,12,,,,,,,,,,,,,
585,20,2039,18,,,,,,,,,,,,,
586,36,2799,9,,,,,,,,,,,,,
587,21,1289,12,,,,,,,,,,,,,
588,47,1217,18,,,,,,,,,,,,,
589,60,2246,12,,,,,,,,,,,,,
590,58,385,12,,,,,,,,,,,,,
591,42,1965,24,,,,,,,,,,,,,
592,36,1572,21,,,,,,,,,,,,,
593,20,2718,24,,,,,,,,,,,,,
594,40,1358,24,,,,,,,,,,,,,
595,32,931,6,,,,,,,,,,,,,
596,23,1442,24,,,,,,,,,,,,,
597,36,4241,24,,,,,,,,,,,,,
598,31,2775,18,,,,,,,,,,,,,
599,32,3863,24,,,,,,,,,,,,,
600,45,2329,7,,,,,,,,,,,,,
601,30,918,9,,,,,,,,,,,,,
602,34,1837,24,,,,,,,,,,,,,
603,28,3349,36,,,,,,,,,,,,,
604,23,1275,10,,,,,,,,,,,,,
605,22,2828,24,,,,,,,,,,,,,
606,74,4526,24,,,,,,,,,,,,,
607,50,2671,36,,,,,,,,,,,,,
608,33,2051,18,,,,,,,,,,,,,
609,45,1300,15,,,,,,,,,,,,,
610,22,741,12,,,,,,,,,,,,,
611,48,1240,10,,,,,,,,,,,,,
612,29,3357,21,,,,,,,,,,,,,
613,22,3632,24,,,,,,,,,,,,,
614,22,1808,18,,,,,,,,,,,,,
615,48,12204,48,,,,,,,,,,,,,
616,27,9157,60,,,,,,,,,,,,,
617,37,3676,6,,,,,,,,,,,,,
618,21,3441,30,,,,,,,,,,,,,
619,49,640,12,,,,,,,,,,,,,
620,27,3652,21,,,,,,,,,,,,,
621,32,1530,18,,,,,,,,,,,,,
622,38,3914,48,,,,,,,,,,,,,
623,22,1858,12,,,,,,,,,,,,,
624,65,2600,18,,,,,,,,,,,,,
625,35,1979,15,,,,,,,,,,,,,
626,41,2116,6,,,,,,,,,,,,,
627,29,1437,9,,,,,,,,,,,,,
628,36,4042,42,,,,,,,,,,,,,
629,64,3832,9,,,,,,,,,,,,,
630,28,3660,24,,,,,,,,,,,,,
631,44,1553,18,,,,,,,,,,,,,
632,23,1444,15,,,,,,,,,,,,,
633,19,1980,9,,,,,,,,,,,,,
634,25,1355,24,,,,,,,,,,,,,
635,47,1393,12,,,,,,,,,,,,,
636,28,1376,24,,,,,,,,,,,,,
637,21,15653,60,,,,,,,,,,,,,
638,34,1493,12,,,,,,,,,,,,,
639,26,4370,42,,,,,,,,,,,,,
640,27,750,18,,,,,,,,,,,,,
641,38,1308,15,,,,,,,,,,,,,
642,40,4623,15,,,,,,,,,,,,,
643,33,1851,24,,,,,,,,,,,,,
644,32,1880,18,,,,,,,,,,,,,
645,27,7980,36,,,,,,,,,,,,,
646,32,4583,30,,,,,,,,,,,,,
647,26,1386,12,,,,,,,,,,,,,
648,38,947,24,,,,,,,,,,,,,
649,40,684,12,,,,,,,,,,,,,
650,50,7476,48,,,,,,,,,,,,,
651,37,1922,12,,,,,,,,,,,,,
652,45,2303,24,,,,,,,,,,,,,
653,42,8086,36,,,,,,,,,,,,,
654,35,2346,24,,,,,,,,,,,,,
655,22,3973,14,,,,,,,,,,,,,
656,41,888,12,,,,,,,,,,,,,
657,37,10222,48,,,,,,,,,,,,,
658,28,4221,30,,,,,,,,,,,,,
659,41,6361,18,,,,,,,,,,,,,
660,23,1297,12,,,,,,,,,,,,,
661,23,900,12,,,,,,,,,,,,,
662,50,2241,21,,,,,,,,,,,,,
663,35,1050,6,,,,,,,,,,,,,
664,50,1047,6,,,,,,,,,,,,,
665,27,6314,24,,,,,,,,,,,,,
666,34,3496,30,,,,,,,,,,,,,
667,27,3609,48,,,,,,,,,,,,,
668,43,4843,12,,,,,,,,,,,,,
669,47,3017,30,,,,,,,,,,,,,
670,27,4139,24,,,,,,,,,,,,,
671,31,5742,36,,,,,,,,,,,,,
672,42,10366,60,,,,,,,,,,,,,
673,24,2080,6,,,,,,,,,,,,,
674,41,2580,21,,,,,,,,,,,,,
675,26,4530,30,,,,,,,,,,,,,
676,33,5150,24,,,,,,,,,,,,,
677,24,5595,72,,,,,,,,,,,,,
678,64,2384,24,,,,,,,,,,,,,
679,26,1453,18,,,,,,,,,,,,,
680,56,1538,6,,,,,,,,,,,,,
681,37,2279,12,,,,,,,,,,,,,
682,33,1478,15,,,,,,,,,,,,,
683,47,5103,24,,,,,,,,,,,,,
684,31,9857,36,,,,,,,,,,,,,
685,34,6527,60,,,,,,,,,,,,,
686,27,1347,10,,,,,,,,,,,,,
687,30,2862,36,,,,,,,,,,,,,
688,35,2753,9,,,,,,,,,,,,,
689,31,3651,12,,,,,,,,,,,,,
690,25,975,15,,,,,,,,,,,,,
691,25,2631,15,,,,,,,,,,,,,
692,29,2896,24,,,,,,,,,,,,,
693,44,4716,6,,,,,,,,,,,,,
694,28,2284,24,,,,,,,,,,,,,
695,50,1236,6,,,,,,,,,,,,,
696,29,1103,12,,,,,,,,,,,,,
697,38,926,12,,,,,,,,,,,,,
698,24,1800,18,,,,,,,,,,,,,
699,40,1905,15,,,,,,,,,,,,,
700,29,1123,12,,,,,,,,,,,,,
701,46,6331,48,,,,,,,,,,,,,
702,47,1377,24,,,,,,,,,,,,,
703,41,2503,30,,,,,,,,,,,,,
704,32,2528,27,,,,,,,,,,,,,
705,35,5324,15,,,,,,,,,,,,,
706,24,6560,48,,,,,,,,,,,,,
707,25,2969,12,,,,,,,,,,,,,
708,25,1206,9,,,,,,,,,,,,,
709,37,2118,9,,,,,,,,,,,,,
710,32,629,18,,,,,,,,,,,,,
711,35,1198,6,,,,,,,,,,,,,
712,46,2476,21,,,,,,,,,,,,,
713,25,1138,9,,,,,,,,,,,,,
714,27,14027,60,,,,,,,,,,,,,
715,63,7596,30,,,,,,,,,,,,,
716,40,3077,30,,,,,,,,,,,,,
717,32,1505,18,,,,,,,,,,,,,
718,31,3148,24,,,,,,,,,,,,,
719,31,6148,20,,,,,,,,,,,,,
720,34,1337,9,,,,,,,,,,,,,
721,24,433,6,,,,,,,,,,,,,
722,24,1228,12,,,,,,,,,,,,,
723,66,790,9,,,,,,,,,,,,,
724,21,2570,27,,,,,,,,,,,,,
725,41,250,6,,,,,,,,,,,,,
726,47,1316,15,,,,,,,,,,,,,
727,25,1882,18,,,,,,,,,,,,,
728,59,6416,48,,,,,,,,,,,,,
729,36,1275,24,,,,,,,,,,,,,
730,33,6403,24,,,,,,,,,,,,,
731,21,1987,24,,,,,,,,,,,,,
732,44,760,8,,,,,,,,,,,,,
733,28,2603,24,,,,,,,,,,,,,
734,37,3380,4,,,,,,,,,,,,,
735,29,3990,36,,,,,,,,,,,,,
736,23,11560,24,,,,,,,,,,,,,
737,35,4380,18,,,,,,,,,,,,,
738,45,6761,6,,,,,,,,,,,,,
739,26,4280,30,,,,,,,,,,,,,
740,32,2325,24,,,,,,,,,,,,,
741,23,1048,10,,,,,,,,,,,,,
742,41,3160,21,,,,,,,,,,,,,
743,22,2483,24,,,,,,,,,,,,,
744,30,14179,39,,,,,,,,,,,,,
745,28,1797,13,,,,,,,,,,,,,
746,23,2511,15,,,,,,,,,,,,,
747,37,1274,12,,,,,,,,,,,,,
748,26,5248,21,,,,,,,,,,,,,
749,33,3029,15,,,,,,,,,,,,,
750,49,428,6,,,,,,,,,,,,,
751,23,976,18,,,,,,,,,,,,,
752,23,841,12,,,,,,,,,,,,,
753,25,5771,30,,,,,,,,,,,,,
754,55,1555,12,,,,,,,,,,,,,
755,32,1285,24,,,,,,,,,,,,,
756,74,1299,6,,,,,,,,,,,,,
757,39,1271,15,,,,,,,,,,,,,
758,31,1393,24,,,,,,,,,,,,,
759,35,691,12,,,,,,,,,,,,,
760,59,5045,15,,,,,,,,,,,,,
761,24,2124,18,,,,,,,,,,,,,
762,24,2214,12,,,,,,,,,,,,,
763,30,12680,21,,,,,,,,,,,,,
764,27,2463,24,,,,,,,,,,,,,
765,40,1155,12,,,,,,,,,,,,,
766,31,3108,30,,,,,,,,,,,,,
767,31,2901,10,,,,,,,,,,,,,
768,28,3617,12,,,,,,,,,,,,,
769,63,1655,12,,,,,,,,,,,,,
770,26,2812,24,,,,,,,,,,,,,
771,25,8065,36,,,,,,,,,,,,,
772,36,3275,21,,,,,,,,,,,,,
773,52,2223,24,,,,,,,,,,,,,
774,66,1480,12,,,,,,,,,,,,,
775,25,1371,24,,,,,,,,,,,,,
776,37,3535,36,,,,,,,,,,,,,
777,25,3509,18,,,,,,,,,,,,,
778,38,5711,36,,,,,,,,,,,,,
779,67,3872,18,,,,,,,,,,,,,
780,25,4933,39,,,,,,,,,,,,,
781,60,1940,24,,,,,,,,,,,,,
782,31,1410,12,,,,,,,,,,,,,
783,23,836,12,,,,,,,,,,,,,
784,60,6468,20,,,,,,,,,,,,,
785,35,1941,18,,,,,,,,,,,,,
786,40,2675,22,,,,,,,,,,,,,
787,38,2751,48,,,,,,,,,,,,,
788,50,6224,48,,,,,,,,,,,,,
789,27,5998,40,,,,,,,,,,,,,
790,39,1188,21,,,,,,,,,,,,,
791,41,6313,24,,,,,,,,,,,,,
792,27,1221,6,,,,,,,,,,,,,
793,51,2892,24,,,,,,,,,,,,,
794,32,3062,24,,,,,,,,,,,,,
795,22,2301,9,,,,,,,,,,,,,
796,51,7511,18,,,,,,,,,,,,,
797,22,1258,12,,,,,,,,,,,,,
798,54,717,24,,,,,,,,,,,,,
799,35,1549,9,,,,,,,,,,,,,
800,54,1597,24,,,,,,,,,,,,,
801,48,1795,18,,,,,,,,,,,,,
802,24,4272,20,,,,,,,,,,,,,
803,35,976,12,,,,,,,,,,,,,
804,24,7472,12,,,,,,,,,,,,,
805,24,9271,36,,,,,,,,,,,,,
806,26,590,6,,,,,,,,,,,,,
807,65,930,12,,,,,,,,,,,,,
808,55,9283,42,,,,,,,,,,,,,
809,26,1778,15,,,,,,,,,,,,,
810,26,907,8,,,,,,,,,,,,,
811,28,484,6,,,,,,,,,,,,,
812,24,9629,36,,,,,,,,,,,,,
813,54,3051,48,,,,,,,,,,,,,
814,46,3931,48,,,,,,,,,,,,,
815,54,7432,36,,,,,,,,,,,,,
816,62,1338,6,,,,,,,,,,,,,
817,24,1554,6,,,,,,,,,,,,,
818,43,15857,36,,,,,,,,,,,,,
819,26,1345,18,,,,,,,,,,,,,
820,27,1101,12,,,,,,,,,,,,,
821,24,3016,12,,,,,,,,,,,,,
822,41,2712,36,,,,,,,,,,,,,
823,47,731,8,,,,,,,,,,,,,
824,35,3780,18,,,,,,,,,,,,,
825,30,1602,21,,,,,,,,,,,,,
826,33,3966,18,,,,,,,,,,,,,
827,36,4165,18,,,,,,,,,,,,,
828,47,8335,36,,,,,,,,,,,,,
829,38,6681,48,,,,,,,,,,,,,
830,44,2375,24,,,,,,,,,,,,,
831,23,1216,18,,,,,,,,,,,,,
832,29,11816,45,,,,,,,,,,,,,
833,42,5084,24,,,,,,,,,,,,,
834,25,2327,15,,,,,,,,,,,,,
835,48,1082,12,,,,,,,,,,,,,
836,21,886,12,,,,,,,,,,,,,
837,23,601,4,,,,,,,,,,,,,
838,63,2957,24,,,,,,,,,,,,,
839,46,2611,24,,,,,,,,,,,,,
840,29,5179,36,,,,,,,,,,,,,
841,28,2993,21,,,,,,,,,,,,,
842,23,1943,18,,,,,,,,,,,,,
843,50,1559,24,,,,,,,,,,,,,
844,47,3422,18,,,,,,,,,,,,,
845,35,3976,21,,,,,,,,,,,,,
846,68,6761,18,,,,,,,,,,,,,
847,28,1249,24,,,,,,,,,,,,,
848,59,1364,9,,,,,,,,,,,,,
849,57,709,12,,,,,,,,,,,,,
850,33,2235,20,,,,,,,,,,,,,
851,43,4042,24,,,,,,,,,,,,,
852,35,1471,15,,,,,,,,,,,,,
853,32,1442,18,,,,,,,,,,,,,
854,45,10875,36,,,,,,,,,,,,,
855,33,1474,24,,,,,,,,,,,,,
856,40,894,10,,,,,,,,,,,,,
857,28,3343,15,,,,,,,,,,,,,
858,29,3959,15,,,,,,,,,,,,,
859,26,3577,9,,,,,,,,,,,,,
860,27,5804,24,,,,,,,,,,,,,
861,28,2169,18,,,,,,,,,,,,,
862,35,2439,24,,,,,,,,,,,,,
863,32,4526,27,,,,,,,,,,,,,
864,25,2210,10,,,,,,,,,,,,,
865,20,2221,15,,,,,,,,,,,,,
866,27,2389,18,,,,,,,,,,,,,
867,42,3331,12,,,,,,,,,,,,,
868,37,7409,36,,,,,,,,,,,,,
869,24,652,12,,,,,,,,,,,,,
870,40,7678,36,,,,,,,,,,,,,
871,46,1343,6,,,,,,,,,,,,,
872,26,1382,24,,,,,,,,,,,,,
873,24,874,15,,,,,,,,,,,,,
874,29,3590,12,,,,,,,,,,,,,
875,40,1322,11,,,,,,,,,,,,,
876,36,1940,18,,,,,,,,,,,,,
877,28,3595,36,,,,,,,,,,,,,
878,27,1422,9,,,,,,,,,,,,,
879,36,6742,30,,,,,,,,,,,,,
880,38,7814,24,,,,,,,,,,,,,
881,48,9277,24,,,,,,,,,,,,,
882,36,2181,30,,,,,,,,,,,,,
883,65,1098,18,,,,,,,,,,,,,
884,43,4057,24,,,,,,,,,,,,,
885,53,795,12,,,,,,,,,,,,,
886,34,2825,24,,,,,,,,,,,,,
887,23,15672,48,,,,,,,,,,,,,
888,34,6614,36,,,,,,,,,,,,,
889,40,7824,28,,,,,,,,,,,,,
890,43,2442,27,,,,,,,,,,,,,
891,46,1829,15,,,,,,,,,,,,,
892,38,2171,12,,,,,,,,,,,,,
893,34,5800,36,,,,,,,,,,,,,
894,29,1169,18,,,,,,,,,,,,,
895,31,8947,36,,,,,,,,,,,,,
896,28,2606,21,,,,,,,,,,,,,
897,35,1592,12,,,,,,,,,,,,,
898,33,2186,15,,,,,,,,,,,,,
899,42,4153,18,,,,,,,,,,,,,
900,43,2625,16,,,,,,,,,,,,,
901,44,3485,20,,,,,,,,,,,,,
902,42,10477,36,,,,,,,,,,,,,
903,40,1386,15,,,,,,,,,,,,,
904,36,1278,24,,,,,,,,,,,,,
905,20,1107,12,,,,,,,,,,,,,
906,24,3763,21,,,,,,,,,,,,,
907,27,3711,36,,,,,,,,,,,,,
908,46,3594,15,,,,,,,,,,,,,
909,33,3195,9,,,,,,,,,,,,,
910,34,4454,36,,,,,,,,,,,,,
911,25,4736,24,,,,,,,,,,,,,
912,25,2991,30,,,,,,,,,,,,,
913,28,2142,11,,,,,,,,,,,,,
914,31,3161,24,,,,,,,,,,,,,
915,32,18424,48,,,,,,,,,,,,,
916,32,2848,10,,,,,,,,,,,,,
917,68,14896,6,,,,,,,,,,,,,
918,33,2359,24,,,,,,,,,,,,,
919,39,3345,24,,,,,,,,,,,,,
920,28,1817,18,,,,,,,,,,,,,
921,37,12749,48,,,,,,,,,,,,,
922,22,1366,9,,,,,,,,,,,,,
923,30,2002,12,,,,,,,,,,,,,
924,55,6872,24,,,,,,,,,,,,,
925,46,697,12,,,,,,,,,,,,,
926,21,1049,18,,,,,,,,,,,,,
927,39,10297,48,,,,,,,,,,,,,
928,58,1867,30,,,,,,,,,,,,,
929,43,1344,12,,,,,,,,,,,,,
930,24,1747,24,,,,,,,,,,,,,
931,22,1670,9,,,,,,,,,,,,,
932,30,1224,9,,,,,,,,,,,,,
933,42,522,12,,,,,,,,,,,,,
934,23,1498,12,,,,,,,,,,,,,
935,30,1919,30,,,,,,,,,,,,,
936,28,745,9,,,,,,,,,,,,,
937,30,2063,6,,,,,,,,,,,,,
938,42,6288,60,,,,,,,,,,,,,
939,46,6842,24,,,,,,,,,,,,,
940,45,3527,12,,,,,,,,,,,,,
941,31,1546,10,,,,,,,,,,,,,
942,31,929,24,,,,,,,,,,,,,
943,42,1455,4,,,,,,,,,,,,,
944,46,1845,15,,,,,,,,,,,,,
945,30,8358,48,,,,,,,,,,,,,
946,30,3349,24,,,,,,,,,,,,,
947,38,2859,12,,,,,,,,,,,,,
948,43,1533,18,,,,,,,,,,,,,
949,31,3621,24,,,,,,,,,,,,,
950,40,3590,18,,,,,,,,,,,,,
951,24,2145,36,,,,,,,,,,,,,
952,28,4113,24,,,,,,,,,,,,,
953,26,10974,36,,,,,,,,,,,,,
954,29,1893,12,,,,,,,,,,,,,
955,57,1231,24,,,,,,,,,,,,,
956,49,3656,30,,,,,,,,,,,,,
957,37,1154,9,,,,,,,,,,,,,
958,45,4006,28,,,,,,,,,,,,,
959,30,3069,24,,,,,,,,,,,,,
960,30,1740,6,,,,,,,,,,,,,
961,47,2353,21,,,,,,,,,,,,,
962,29,3556,15,,,,,,,,,,,,,
963,35,2397,24,,,,,,,,,,,,,
964,22,454,6,,,,,,,,,,,,,
965,26,1715,30,,,,,,,,,,,,,
966,23,2520,27,,,,,,,,,,,,,
967,54,3568,15,,,,,,,,,,,,,
968,29,7166,42,,,,,,,,,,,,,
969,40,3939,11,,,,,,,,,,,,,
970,22,1514,15,,,,,,,,,,,,,
971,43,7393,24,,,,,,,,,,,,,
972,29,1193,24,,,,,,,,,,,,,
973,36,7297,60,,,,,,,,,,,,,
974,33,2831,30,,,,,,,,,,,,,
975,57,1258,24,,,,,,,,,,,,,
976,64,753,6,,,,,,,,,,,,,
977,42,2427,18,,,,,,,,,,,,,
978,47,2538,24,,,,,,,,,,,,,
979,25,1264,15,,,,,,,,,,,,,
980,49,8386,30,,,,,,,,,,,,,
981,33,4844,48,,,,,,,,,,,,,
982,28,2923,21,,,,,,,,,,,,,
983,26,8229,36,,,,,,,,,,,,,
984,30,2028,24,,,,,,,,,,,,,
985,25,1433,15,,,,,,,,,,,,,
986,33,6289,42,,,,,,,,,,,,,
987,64,1409,13,,,,,,,,,,,,,
988,29,6579,24,,,,,,,,,,,,,
989,48,1743,24,,,,,,,,,,,,,
990,37,3565,12,,,,,,,,,,,,,
991,34,1569,15,,,,,,,,,,,,,
992,23,1936,18,,,,,,,,,,,,,
993,30,3959,36,,,,,,,,,,,,,
994,50,2390,12,,,,,,,,,,,,,
995,31,1736,12,,,,,,,,,,,,,
996,40,3857,30,,,,,,,,,,,,,
997,38,804,12,,,,,,,,,,,,,
998,23,1845,45,,,,,,,,,,,,,
999,27,4576,45,,,,,,,,,,,,,
